{"1.jpg": [228.39999999999998], "2.jpg": [228.39999999999998], "222.jpg": [225.272], "536525ec4377d916323bf8f4b54f7fb8f014258f.jpg@672w_378h_1c - \u526f\u672c (3).webp": [224.91], "536525ec4377d916323bf8f4b54f7fb8f014258f.jpg@672w_378h_1c - \u526f\u672c (4).webp": [224.91], "536525ec4377d916323bf8f4b54f7fb8f014258f.jpg@672w_378h_1c - \u526f\u672c (5).webp": [224.91], "536525ec4377d916323bf8f4b54f7fb8f014258f.jpg@672w_378h_1c - \u526f\u672c (6).webp": [224.91], "536525ec4377d916323bf8f4b54f7fb8f014258f.jpg@672w_378h_1c - \u526f\u672c (7).webp": [224.91], "536525ec4377d916323bf8f4b54f7fb8f014258f.jpg@672w_378h_1c - \u526f\u672c (8).webp": [224.91], "536525ec4377d916323bf8f4b54f7fb8f014258f.jpg@672w_378h_1c - \u526f\u672c.webp": [224.91], "536525ec4377d916323bf8f4b54f7fb8f014258f.jpg@672w_378h_1c.webp": [224.91], "a86d2a1570f968a7aa57f7d014f7826780900372.jpg@92w_92h - \u526f\u672c (3).webp": [400.01599999999996]}