{"a86d2a1570f968a7aa57f7d014f7826780900372.jpg@92w_92h - \u526f\u672c (4).webp": [400.01599999999996], "a86d2a1570f968a7aa57f7d014f7826780900372.jpg@92w_92h - \u526f\u672c (5).webp": [400.01599999999996], "a86d2a1570f968a7aa57f7d014f7826780900372.jpg@92w_92h - \u526f\u672c (6).webp": [400.01599999999996], "a86d2a1570f968a7aa57f7d014f7826780900372.jpg@92w_92h - \u526f\u672c (7).webp": [400.01599999999996], "a86d2a1570f968a7aa57f7d014f7826780900372.jpg@92w_92h - \u526f\u672c (8).webp": [400.01599999999996], "a86d2a1570f968a7aa57f7d014f7826780900372.jpg@92w_92h - \u526f\u672c.webp": [400.01599999999996], "a86d2a1570f968a7aa57f7d014f7826780900372.jpg@92w_92h.webp": [400.01599999999996], "akari01.jpg": [400.01399999999995], "akari02.jpg": [400.01399999999995], "d.jpg": [400.01399999999995], "f578af7793dbc84cbc9155504864335606f1011e.png@976w_550h_1c - \u526f\u672c (3).webp": [225.5], "f578af7793dbc84cbc9155504864335606f1011e.png@976w_550h_1c - \u526f\u672c (4).webp": [225.5]}